ID,NG,EG,H,g,X,Y,Hnorm,Z,TCR
1496.0,385431.130438,355579.616971,127.3000995390694,981145.7504945198,385300.0,355500.0,127.207,1.927,1.3542400338718255e-08
1497.0,384064.591694,359270.294413,124.0,981151.196455878,383800.0,359000.0,130.819,1.923,1.0188938540434019e-08
1500.0,373226.94386000006,356890.173773,118.0,981148.49917396,373100.0,356900.0,118.983,1.958,1.3331353577043505e-08
1501.0,378149.259234,359714.445012,126.91266533722228,981149.2815460492,378300.0,359500.0,120.167,1.935,6.740149917789643e-09
1502.0,381352.116328,356908.393509,138.92867656286822,981145.9662089084,381500.0,356900.0,135.165,1.934,1.3491441974272299e-08
1505.0,371574.5589940001,355104.674236,123.9179534258729,981148.0218077528,371800.0,355000.0,122.235,1.968,9.948038274874422e-09
1506.0,366614.707166,352744.837839,127.27612014722764,981149.7239607758,366800.0,353000.0,124.452,1.991,9.842471534331611e-09
1507.0,369009.652537,357386.000114,116.21499209548529,981152.2839388507,368900.0,357300.0,117.868,1.97,1.3255346310447834e-08
1508.0,373118.882741,356503.797702,117.0,981148.381723046,373300.0,356500.0,121.438,1.959,1.3323651612167773e-08
1509.0,371746.119788,352645.824616,118.0,981145.6766533956,371800.0,353000.0,119.505,1.975,9.9161654545654e-09
1512.0,372293.102089,359412.629989,116.34025296445093,981151.287888238,372300.0,359250.0,117.184,1.953,1.0019785769969778e-08
1514.0,378129.439663,355838.849881,127.05668923290378,981144.1406687916,377800.0,356000.0,126.655,1.947,1.0053248889324707e-08
1515.0,376732.143995,356350.097103,125.0,981145.636743661,376800.0,356000.0,125.434,1.95,1.0039527016489522e-08
1516.0,379908.866798,355218.285845,125.0,981143.2328733818,379800.0,355000.0,127.551,1.944,1.0068987844102842e-08
1517.0,380860.351552,351630.124626,122.62892051036395,981139.2411268656,380800.0,352000.0,124.271,1.949,1.0033987020422833e-08
1519.0,358576.502652,354717.662628,123.45033033874098,981159.4450750712,358800.0,355000.0,124.57,2.009,9.753909227429112e-09
1524.0,357970.076591,352179.964138,126.0,981158.3883196006,358300.0,352000.0,126.358,2.022,3.2346315990631147e-09
1525.0,360107.408811,352741.343096,132.0,981156.6428266908,359800.0,353000.0,130.289,2.014,9.743396028519348e-09
1526.0,358051.699751,352254.04183000006,125.82982965200064,981158.276406293,358300.0,352000.0,126.358,2.022,3.2350411154479813e-09
1530.0,357764.011711,357847.14771,121.49729269733996,981161.4482996084,358300.0,358000.0,120.641,1.999,3.262737402705228e-09
1531.0,359365.263352,355546.143738,120.4782223228758,981159.0251631232,359300.0,355500.0,124.686,2.006,1.3032142964358513e-08
1532.0,357782.7228950001,355876.239663,126.0,981160.3836132706,358300.0,356000.0,125.419,2.007,3.253019443923984e-09
1537.0,360271.763331,355307.967208,131.0,981157.916131742,360300.0,355500.0,126.916,2.003,1.3048435154444322e-08
1538.0,363299.545357,358219.95141,125.0,981157.5248087296,363300.0,358250.0,122.706,1.983,9.871136590201892e-09
1539.0,362155.938698,357864.33483599994,122.65049686785588,981157.9492672218,361800.0,358000.0,123.779,1.989,9.848053962147402e-09
1540.0,358067.071201,356229.280689,126.0,981160.5114726826,358300.0,356000.0,125.419,2.007,3.254675157321174e-09
1542.0,357933.62178,358465.88262,121.3613205415287,981161.8650575122,358300.0,358500.0,122.241,1.997,6.5318941723348364e-09
1543.0,360951.2825089999,357643.278772,124.34059635832637,981158.787970152,360900.0,357700.0,125.039,1.993,1.3105353668580081e-08
1544.0,357866.39244,358304.35484,121.9654152973946,981161.8290378252,358300.0,358000.0,120.641,1.999,3.2643080890966074e-09
1559.0,358974.446267,358690.465479,119.09544926469243,981161.3166165588,358800.0,359000.0,123.584,1.994,9.815793568953373e-09
1560.0,357688.617762,359147.334584,121.0,981162.8109370488,358300.0,359000.0,123.649,1.995,3.268382813602564e-09
1595.0,363326.640769,359601.558001,122.79609600495678,981158.5962885986,363300.0,359250.0,123.349,1.98,9.889070536080218e-09
1596.0,369504.991949,354340.724117,129.90020062253228,981149.0842821456,369700.0,354300.0,120.116,1.977,1.3210256045802244e-08
1597.0,363987.638341,353861.30048,131.0,981153.1522143224,363800.0,354000.0,129.889,1.997,9.816956927005487e-09
1598.0,365019.528691,356767.596312,121.167426350338,981154.4082642194,364800.0,357000.0,119.964,1.983,9.875588638965357e-09
1599.0,361290.76113,357202.181716,125.0,981158.1119936858,361300.0,357250.0,125.031,1.993,9.826704137529792e-09
1600.0,362569.85723,351398.562214,131.0,981152.8658065498,362700.0,351300.0,132.326,2.01,1.3015131388509482e-08
1686.0,385433.501029,359723.775354,126.36318274677495,981153.0371425956,385300.0,359500.0,127.479,1.918,6.810326417507003e-09
1724.0,385661.792172,355427.027723,126.0,981145.5000568395,385700.0,355300.0,127.73,1.927,1.3545453609005367e-08
3196.0,383957.717785,356075.914769,126.34201709435,981146.2813198268,383800.0,356000.0,128.403,1.93,1.0141756463144003e-08
3197.0,379541.291354,356814.951737,134.0,981145.5319260012,379800.0,357000.0,131.274,1.938,1.0092690684676557e-08
3198.0,374780.705678,359128.27814,119.0,981149.1870976952,374800.0,359000.0,119.804,1.947,1.005325764349593e-08
4985.0,359452.873025,338016.221086,139.18654165180487,981152.7212532152,359800.0,338000.0,141.689,2.06,9.518546164839404e-09
4986.0,365893.321727,340566.964432,136.57544293492364,981144.1866752044,365900.0,340700.0,138.031,2.031,1.2866236117882038e-08
4987.0,363745.009151,335754.853195,149.43684351954244,981142.9789510958,363800.0,336000.0,147.458,2.05,9.547452237781223e-09
4988.0,366755.53063100006,341200.183899,136.87586492195624,981142.2563932346,366800.0,341000.0,138.538,2.027,9.669120654958731e-09
4989.0,362156.813818,340152.419025,139.0,981148.325291538,362100.0,340100.0,140.791,2.046,1.2781624146835217e-08
4990.0,366613.52278,344163.822361,132.2327059150837,981143.7837716946,366800.0,344000.0,133.413,2.019,9.712271183061397e-09
4991.0,361568.593722,342420.651144,134.0,981150.3803278976,361700.0,342300.0,135.378,2.041,1.2818143875624894e-08
4992.0,371252.219272,333047.512666,151.4773104141846,981128.1112015324,371300.0,333000.0,151.593,2.028,1.6025090392501067e-08
4993.0,370072.682625,330790.544612,148.0,981127.6475364222,369800.0,331000.0,149.951,2.038,9.563324757130968e-09
4994.0,375930.542175,334022.225499,138.0,981120.038309248,375800.0,334000.0,143.586,2.008,9.696087016154168e-09
4995.0,379411.058326,330483.714496,149.0,981115.2062674672,379300.0,330750.0,148.881,2.001,9.696565212986753e-09
4996.0,376676.299864,332121.623559,152.06584962352642,981118.442280689,376800.0,332000.0,141.796,2.008,9.679564315227081e-09
4997.0,373224.443016,332239.2190040001,146.25880746314886,981123.2889719916,373100.0,332100.0,148.64,2.023,1.2838500435950392e-08
4998.0,370129.821605,335886.604122,146.0,981132.5712528042,369800.0,336000.0,145.371,2.028,9.639031733841798e-09
5000.0,370438.07755100005,334857.789469,146.0,981130.9919168998,370500.0,334900.0,146.4,2.027,1.2840552145155555e-08
5001.0,369265.457671,333308.730945,148.3541684325246,981132.1990460374,369300.0,333500.0,147.827,2.035,1.278908287221379e-08
5002.0,370537.453485,337332.6410339999,144.6328662287051,981132.4665988234,370800.0,337000.0,144.982,2.022,9.667442372940036e-09
5003.0,368844.87506,332488.546532,151.0,981131.5441387716,368800.0,332500.0,150.045,2.039,1.5952397517865423e-08
5004.0,370543.523183,330291.987232,146.61670525909526,981126.1866590342,370800.0,330500.0,147.174,2.035,3.1881603190732658e-09
5005.0,364794.692931,343215.517982,133.7590653070725,981146.4252150636,364800.0,343000.0,133.925,2.028,9.669991107892443e-09
5006.0,361627.189693,341499.836952,137.0,981149.753301608,361550.0,341500.0,136.651,2.044,9.59959572737117e-09
5007.0,366133.35396,340926.403347,138.0,981143.8386241049,365800.0,341000.0,137.599,2.031,9.655329492242543e-09
5009.0,368478.122318,331257.429854,153.13105030545069,981130.9987026048,368800.0,331000.0,150.4,2.042,9.547889191555927e-09
5010.0,380652.972975,330691.672459,150.44080475680855,981113.8977388702,380800.0,331000.0,150.6,1.994,9.71920057736521e-09
5012.0,373101.133193,330624.153386,147.46844464203602,981122.1735119128,372966.667,330833.333,148.984,2.026,6.4027749493168346e-09
5013.0,384032.067215,331948.046515,144.0,981111.7574705976,383800.0,332000.0,147.483,1.981,9.782660883683259e-09
5015.0,377611.415809,330106.102981,148.5499817337586,981116.6527695432,377800.0,330500.0,148.26,2.007,3.2219053319127404e-09
5016.0,366075.543165,331837.867735,155.5891504399806,981135.220832702,365800.0,332000.0,153.852,2.051,9.520374122087753e-09
5017.0,368293.87286100007,335349.091192,144.2316050728067,981136.8807121572,368300.0,335500.0,144.595,2.034,1.2810023398582998e-08
5018.0,371298.264884,339699.088244,141.39976968545307,981131.8075999444,371300.0,339500.0,141.747,2.014,1.295155928438554e-08
5019.0,372923.89499,335721.485842,149.0,981126.284464494,372800.0,336000.0,149.253,2.016,9.679823829744976e-09
5020.0,374287.350319,338452.338546,151.9094218498321,981125.3277067963,374300.0,338500.0,149.713,2.005,1.2987170313324654e-08
5021.0,375994.211427,330403.630111,139.50599202709054,981118.8812017934,375966.667,330833.333,140.734,2.014,6.4302191291592935e-09
5022.0,367996.239805,337056.304977,142.52808170029311,981139.11230327,367800.0,337000.0,142.203,2.033,9.625022846845897e-09
5023.0,375276.684325,333933.876075,138.04934173361653,981120.7494671062,375300.0,334000.0,144.557,2.01,1.6145876836575278e-08
5024.0,382850.082789,335839.214535,136.0,981116.7499846312,382800.0,336000.0,138.039,1.978,9.825745254505031e-09
5025.0,380412.866653,336093.614972,144.53047078621057,981117.9879710862,380500.0,336100.0,142.6,1.986,1.3059274497865946e-08
5029.0,359127.483481,331924.036803,161.0,981142.9330811332,358800.0,332000.0,163.32,2.077,9.419451358789647e-09
5030.0,358508.99202,331959.781283,164.32768640448103,981143.0535260156,358800.0,332000.0,163.32,2.077,9.414920799394884e-09
5032.0,358288.500874,333171.63564700005,159.43479410599684,981145.835391927,358633.333,333166.667,156.38,2.074,6.2854488267818985e-09
5037.0,357950.022153,338805.830531,140.37071584471778,981155.8099380065,358300.0,339000.0,138.731,2.062,3.1693792214852453e-09
5038.0,360959.275722,338606.75256,140.8436057006984,981149.4183712268,360900.0,338700.0,141.161,2.054,1.2730275354527806e-08
5040.0,361072.296581,332960.748141,150.0,981143.7152957328,360800.0,333000.0,149.978,2.067,9.463319171446932e-09
5041.0,365951.817177,330487.561374,150.67984698367945,981133.681261905,365966.667,330833.333,152.266,2.053,6.333452435232772e-09
5042.0,362347.951679,333059.37891200004,147.9772013428017,981142.0151871068,362500.0,333100.0,149.316,2.061,1.2649069208506578e-08
5043.0,358393.785805,335009.464671,144.54235919745966,981149.6537770646,358800.0,335000.0,145.645,2.07,9.45900133801665e-09
5044.0,357738.769154,333162.359305,161.38495731187868,981145.720946364,358300.0,333000.0,156.07,2.076,3.1403888761873166e-09
5045.0,363490.474858,338107.116903,142.09071934484928,981145.382105711,363800.0,338000.0,141.986,2.046,9.577978799817434e-09
5046.0,361345.667165,331535.881296,152.4084326145293,981141.1329374792,361300.0,331500.0,153.914,2.069,1.2597082808101657e-08
5049.0,358166.304981,331477.949226,165.0,981142.6086803344,358550.0,331500.0,166.534,2.078,9.404085723076721e-09
5050.0,362160.653098,335786.258767,155.7293811814913,981145.6069694654,362100.0,335900.0,152.155,2.056,1.2699202500060346e-08
5052.0,362421.82783,334231.571247,156.0,981143.534952446,362500.0,334100.0,153.488,2.059,1.2671339371502292e-08
5053.0,357998.722433,336534.291946,139.70190512052096,981153.1072937418,358300.0,336500.0,141.258,2.068,6.315759715398385e-09
5054.0,363671.383601,339714.219861,139.11223784108006,981146.0632917756,363800.0,340000.0,139.677,2.041,9.605979319267225e-09
5056.0,360299.51213,340618.978952,142.0,981151.5785473376,360300.0,340500.0,140.495,2.051,1.2756105132202716e-08
5057.0,360191.678201,341313.096311,142.0,981151.983792153,360300.0,341250.0,139.774,2.049,9.575430067761871e-09
5058.0,361252.363134,336277.332693,150.0,981147.6021407688,361300.0,336250.0,148.979,2.058,9.516138044500754e-09
5059.0,365183.01991,339832.330955,136.0,981144.6850233796,365100.0,339900.0,138.057,2.036,1.283753606524403e-08
5060.0,364759.97991,336107.99382800004,145.0,981142.516201866,364800.0,336000.0,143.581,2.046,9.564920132477578e-09
5061.0,365166.63671,337030.99430900003,141.12283150246927,981142.872842324,364800.0,337000.0,141.567,2.044,9.582438558248224e-09
5062.0,361896.805068,338559.824993,140.0,981147.7916080687,361900.0,338700.0,141.235,2.051,1.2748667279076321e-08
5063.0,362279.972145,334848.851776,153.43576189229498,981144.3156885024,362100.0,334900.0,152.744,2.058,1.2681285403620165e-08
5064.0,365646.195639,334105.887116,149.0,981138.5327790772,365800.0,334000.0,148.971,2.047,9.54888165894287e-09
5065.0,363907.631077,334981.955302,154.16389321446695,981141.9044455658,363800.0,335000.0,152.492,2.052,9.535610709284224e-09
5067.0,363546.164778,333885.241529,156.12111726893312,981141.4739716768,363800.0,334000.0,154.195,2.054,9.517235951492783e-09
5068.0,366387.70058,333530.913785,150.19276680474496,981136.6216824364,366300.0,333500.0,149.998,2.046,1.2734260161184773e-08
5069.0,366831.39485099993,335051.411637,144.0,981138.6607099156,366800.0,335000.0,145.079,2.041,9.579334062469305e-09
5070.0,372578.641098,339369.53305300005,144.0,981129.01307695,372700.0,339300.0,144.651,2.009,1.2972598704822915e-08
5071.0,368841.8326859999,336158.830089,144.32804408486663,981136.0813910386,368800.0,336000.0,144.479,2.032,9.62432742629175e-09
5072.0,371699.061667,337038.479815,145.11068729066756,981129.4866870808,371800.0,337000.0,145.782,2.018,9.680870477605586e-09
5073.0,373511.145358,336049.56288200006,150.25174242096548,981125.1873796616,373800.0,336000.0,150.908,2.012,9.693794404906279e-09
5074.0,378655.910494,335550.140327,141.4766265829967,981118.2489358787,378700.0,335700.0,142.199,1.994,1.3014750687960738e-08
5075.0,378711.560517,330867.638037,146.67372884347236,981115.9907588172,378800.0,331000.0,146.781,2.002,9.691933799804174e-09
5076.0,379983.71121,333860.208157,145.11030001840496,981116.2976789002,379800.0,334000.0,144.756,1.993,9.753396203964655e-09
5077.0,366199.876498,337761.51421,140.0,981142.2187947126,366100.0,337900.0,140.685,2.038,1.2816824722295373e-08
5078.0,369791.748757,340591.481384,138.44246463156014,981135.2514273826,369800.0,341000.0,138.688,2.016,9.708544215948543e-09
5079.0,378181.564493,340829.670971,137.0836274084486,981125.2167058818,378100.0,340900.0,138.947,1.985,1.3110411295038045e-08
5080.0,376052.3844590001,338521.238392,148.0,981123.6408741948,376050.0,338500.0,144.499,1.999,9.765152122231239e-09
5081.0,364214.011708,336802.884842,141.65796891069112,981143.4089567804,364100.0,336900.0,143.174,2.047,1.275866053726833e-08
5082.0,365674.222619,342778.4839580001,134.35837348167746,981144.6087130728,365800.0,343000.0,135.309,2.025,9.680248765270621e-09
5083.0,375235.025079,339376.456332,147.0,981125.2073673478,375300.0,339500.0,147.988,1.999,1.3025255854928761e-08
5084.0,376837.99605,344493.8942679999,128.53963528442182,981131.0129468684,376800.0,344500.0,128.134,1.981,1.6444840321652865e-08
5085.0,372429.760567,337488.479119,147.0,981128.0952383102,372300.0,337500.0,146.663,2.015,1.2930258793563508e-08
5086.0,372954.864203,335249.466194,148.0,981125.7045944622,372800.0,335000.0,148.328,2.018,9.669383437521057e-09
5087.0,378702.152959,337533.15969,137.0,981120.4235222606,378700.0,337700.0,136.226,1.99,1.305489601976389e-08
5088.0,374096.533141,342840.308091,137.55379838095905,981130.9286230817,373800.0,343000.0,135.328,1.996,9.800993879196946e-09
5092.0,358395.360869,351475.045232,130.09163569188968,981157.7384375788,358550.0,351500.0,126.999,2.023,9.701602064773184e-09
5093.0,357584.8081549999,350649.345134,127.78957271262244,981158.3801967852,358300.0,351000.0,129.419,2.026,3.227441075417771e-09
5095.0,367382.956137,339231.053164,140.87443066160813,981141.1672264524,367500.0,339100.0,141.538,2.03,1.2867301409994723e-08
5096.0,370556.744736,343161.688089,138.32416704661478,981135.8074595368,370800.0,343000.0,138.455,2.007,9.755474155896274e-09
5097.0,370711.953653,341672.089936,138.0120753132107,981134.3710893572,370800.0,342000.0,138.576,2.009,9.737995525635577e-09
5098.0,372853.352292,346780.285933,124.14893782696788,981137.4067584268,372800.0,347000.0,125.042,1.989,9.843503009064651e-09
5099.0,371123.901488,341250.477524,138.92018260753684,981132.9885788736,370800.0,341000.0,139.058,2.012,9.730975338987006e-09
5100.0,368767.378978,340396.178849,139.0,981137.5748927008,368800.0,340000.0,140.909,2.022,9.685215240418668e-09
5101.0,366528.895902,340811.8980989999,139.0,981142.7991957,366800.0,341000.0,138.538,2.027,9.66434832537929e-09
5102.0,369439.517212,344710.424933,136.17406572788423,981138.7356215244,369500.0,344900.0,135.303,2.006,1.3017926624136e-08
5104.0,360089.103126,351327.293334,128.43995712899778,981156.218361854,359800.0,351000.0,127.111,2.021,9.718434503373928e-09
5105.0,362238.721216,350461.564302,133.0,981153.1803612596,362300.0,350500.0,131.469,2.015,1.2990293583328873e-08
5106.0,363791.20207,349498.402838,133.0,981150.5450207654,363800.0,349500.0,132.839,2.013,1.625078638108361e-08
5107.0,369275.076617,353145.156774,118.98231490837378,981148.093035582,369100.0,353100.0,118.978,1.983,1.3176611567664335e-08
5113.0,371392.528144,332011.336306,153.93545467826698,981126.4406911208,371800.0,332000.0,151.124,2.028,9.60388995559499e-09
5114.0,373360.907472,330558.8101269999,146.53219906069353,981121.9326095805,373300.0,330750.0,147.3,2.025,9.609572547503527e-09
5115.0,379088.434138,335669.8091719999,141.0,981118.1467462764,378800.0,336000.0,141.999,1.993,9.768112648966084e-09
5116.0,380691.916031,336933.691798,140.22795868054163,981118.7696316324,380800.0,337000.0,140.25,1.983,9.811111973418985e-09
5117.0,379889.364193,337108.87631300004,139.70400054326234,981119.4974014967,379800.0,337000.0,140.921,1.987,9.79949365206869e-09
5118.0,369383.660034,337852.443571,144.0,981135.8685249286,369500.0,337900.0,143.038,2.025,1.2880054634703758e-08
5119.0,376361.455716,336657.226206,138.0,981121.4669193088,376300.0,336500.0,140.949,2.002,1.2989291594018566e-08
5120.0,372336.947753,340672.732671,142.10147693178624,981130.486896052,372300.0,340500.0,142.087,2.008,1.2990942046123249e-08
5121.0,370985.76068,342486.752699,138.61996626552954,981134.4978375302,371050.0,342500.0,138.705,2.007,9.751003919378122e-09
5122.0,372491.83782700007,345150.37231599994,128.0,981135.3301598504,372800.0,345000.0,130.629,1.994,9.813904656557082e-09
5123.0,368154.882832,343547.609667,135.0,981140.4300824264,368300.0,343500.0,135.985,2.015,1.2969358025141265e-08
5124.0,371955.102834,346991.506992,125.0,981138.5532444026,371800.0,347000.0,125.326,1.993,9.831316553744719e-09
5125.0,368642.932456,345309.84596,135.0,981140.5118643777,368800.0,345000.0,134.968,2.009,9.75780184383743e-09
5126.0,365432.465474,342596.747451,133.81109647085032,981144.8864317267,365300.0,342500.0,134.965,2.028,1.289429129916306e-08
5136.0,359750.3760359999,350383.805759,129.6150907057411,981156.713726942,359800.0,350000.0,128.302,2.024,9.701364989338915e-09
5137.0,361103.628525,352842.70763,133.64396873713122,981155.190809514,360800.0,353000.0,130.98,2.01,9.758853840960647e-09
5138.0,357491.315356,347199.370082,130.8024391121524,981157.2946368684,358300.0,347000.0,130.816,2.038,3.2091090291446947e-09
5144.0,363288.572343,346350.337523,128.07181928412294,981150.2471946386,363300.0,346500.0,129.766,2.023,1.293029551952833e-08
5145.0,364535.380407,348386.896154,134.2397521886146,981149.2961032104,364700.0,348300.0,132.831,2.014,1.2994602988539817e-08
5146.0,369211.12916600006,348304.847799,128.61347823447431,981142.7676604444,369300.0,348250.0,128.743,1.998,9.811129061022584e-09
5147.0,370296.507379,347571.239966,128.43205480494703,981140.7001527144,370300.0,347500.0,126.837,1.996,1.3089183847410215e-08
5148.0,366452.62208,344466.327266,132.0,981144.2130804872,366300.0,344500.0,132.741,2.019,1.2952180447209362e-08
5149.0,363976.470437,344769.472768,131.85580379183557,981148.9340175572,363800.0,345000.0,132.634,2.026,9.682905587193856e-09
5150.0,365500.505794,345335.329771,130.80441393225374,981146.0823324282,365700.0,345300.0,130.859,2.019,1.295398714024216e-08
5151.0,368327.965119,348173.106042,131.0,981143.480604444,368500.0,348100.0,131.028,2.001,1.3063872480085773e-08
5152.0,369453.301148,348108.222853,128.47785125817344,981142.2160837617,369800.0,348000.0,127.534,1.997,9.81395213624854e-09
5153.0,371013.93746,351401.917579,128.76587100173006,981144.7362600418,370900.0,351300.0,122.089,1.983,1.3176095420161324e-08
5154.0,366127.974784,347336.59839,129.00738226760416,981146.0570004472,366133.333,347333.333,130.888,2.012,1.6254798507417887e-08
5155.0,357733.651699,340287.060049,136.9363916879738,981155.4298160748,358300.0,340000.0,137.091,2.06,3.175334040164608e-09
5156.0,358496.01168899995,341974.641375,133.0042082814689,981154.4086752508,358800.0,342000.0,135.115,2.052,9.563142169981252e-09
5158.0,358268.171092,339452.374254,138.67476833643013,981155.3376813472,358550.0,339500.0,136.763,2.06,9.52308947207633e-09
5159.0,361668.271633,342220.508881,134.28367163646362,981150.0724003384,361800.0,342000.0,135.473,2.042,9.610305043744607e-09
5160.0,357814.008849,340906.115487,134.5362304366081,981155.6043499422,358300.0,341000.0,133.86,2.056,3.1792858947700497e-09
5161.0,362542.478973,346195.856905,132.09913159706724,981151.6788126146,362800.0,346000.0,131.25,2.027,9.683051620587695e-09
5163.0,358234.167271,346911.37007599993,131.35158130476702,981156.7615095776,358633.333,346833.333,130.211,2.038,6.42246806062258e-09
5165.0,359793.071317,344441.601682,129.34899111094273,981154.0082543242,359800.0,344500.0,130.584,2.041,1.6028962209418323e-08
5166.0,360558.190801,348072.436906,128.34377647837434,981155.0007396152,360800.0,348000.0,127.459,2.027,9.682460626225046e-09
5167.0,360864.719796,345280.335358,131.65540448762476,981153.71401477,360800.0,345000.0,130.423,2.036,9.642138406028733e-09
5168.0,363016.424045,348014.54205,130.25200203454904,981151.3787488296,362800.0,348000.0,128.25,2.021,9.714931622593748e-09
5169.0,358753.244577,346849.038046,130.0,981156.5812400487,358800.0,347000.0,130.158,2.037,9.638061784832158e-09
5170.0,361165.946394,348572.70322500006,128.04437563507418,981154.119991456,361300.0,348500.0,127.339,2.024,1.2931805886434128e-08
5171.0,358709.968623,348041.546793,131.0,981157.0691900922,358800.0,348000.0,131.218,2.034,9.654004527826193e-09
5172.0,360310.8929,350243.560867,131.01863205011978,981156.2387861416,360300.0,350250.0,128.528,2.022,9.709033688522545e-09
5173.0,363897.988457,352142.45386,132.0,981151.6282149196,363800.0,352000.0,131.972,2.004,9.78888654104998e-09
5174.0,367205.82867,351431.59951,127.0,981147.5849969542,367300.0,351500.0,126.85,1.995,1.3107325992418497e-08
5175.0,368956.328451,351353.234812,122.90612555200352,981145.9834171388,368800.0,351000.0,125.5,1.991,9.849724684444358e-09
5176.0,363857.251822,349531.131804,132.57072038245678,981150.4287641824,363800.0,349500.0,132.839,2.013,1.625204489403195e-08
5177.0,364246.837497,345318.44118599995,132.0,981148.5468034887,364300.0,345500.0,131.366,2.023,1.2929363754025424e-08
5178.0,362210.765667,346067.377127,131.3891831846122,981152.5194593456,362100.0,346100.0,131.491,2.029,1.289988711625173e-08
5179.0,365099.835761,346989.769522,129.0,981147.540215904,364800.0,347000.0,130.215,2.017,9.729933527592403e-09
5180.0,368085.087532,353982.983292,117.0,981149.7627364752,367800.0,354000.0,120.304,1.985,9.877523776589288e-09
5185.0,358202.81982399995,330135.7542910001,172.05316045290144,981139.7959840464,358800.0,330500.0,169.327,2.08,3.1287373164498655e-09
5193.0,363552.892319,331823.80205700005,147.0,981138.908401411,363800.0,332000.0,148.674,2.059,9.487109895053205e-09
5228.0,385551.19249,330082.58683,149.8917118366735,981108.5931565412,385800.0,330500.0,150.067,1.975,3.2603979566630554e-09
5235.0,384070.974511,330072.184517,153.33713752789396,981109.63929529,383800.0,330500.0,153.202,1.983,3.252237520400518e-09
5247.0,384597.997569,348497.705599,134.41424143878143,981134.4630698226,384550.0,348500.0,132.579,1.946,1.00398453455012e-08
5248.0,382902.021183,346355.57246,125.06695977742535,981131.907681054,382800.0,346000.0,125.277,1.957,9.979853487510723e-09
5249.0,384094.903365,349710.660791,133.2455995953078,981136.0820029664,383800.0,350000.0,134.319,1.945,1.0050485828609423e-08
5250.0,381915.48866,351522.85824,126.04487560924828,981138.8187229466,381900.0,351700.0,126.895,1.947,1.3396301404922254e-08
5251.0,380844.706193,348420.741475,123.32463135746366,981134.7978108966,380900.0,348300.0,125.389,1.958,1.3310392965117034e-08
5252.0,377787.308917,350386.032455,123.0,981138.6367548546,377800.0,350000.0,122.173,1.964,9.965699212670594e-09
5253.0,377082.933879,353175.446075,122.0,981141.9614178686,376800.0,353000.0,126.711,1.959,9.996317423736303e-09
5254.0,381957.318575,345682.257512,126.0,981131.1878501794,381800.0,346000.0,124.918,1.96,9.96027474587076e-09
5255.0,379563.317864,342440.185039,129.0,981127.0102473742,379550.0,342500.0,129.682,1.976,9.876546293943488e-09
5256.0,377907.896882,344582.813351,129.0,981130.9239017854,377900.0,344700.0,127.849,1.977,1.3179715449596027e-08
5257.0,379146.874773,345535.137384,123.50283296448472,981131.7466638092,379300.0,345500.0,125.728,1.97,1.3223277792275115e-08
5258.0,376906.615883,345449.2581200001,126.11363978893866,981132.5400827908,376900.0,345300.0,126.839,1.979,1.3173722132921152e-08
5259.0,374996.560749,345934.545657,125.45142273311284,981134.614677644,374800.0,346000.0,125.672,1.985,9.8602210884313e-09
5260.0,373934.538092,348913.279291,124.0,981139.8389638852,373800.0,349000.0,123.525,1.98,9.889546856884495e-09
5261.0,370050.689532,349817.909695,126.433148079248,981143.485502042,369800.0,350000.0,124.347,1.991,9.845965861193025e-09
5262.0,372481.91638,345038.44493099995,127.05898887616786,981135.2134480284,372800.0,345000.0,130.629,1.994,9.812950455376277e-09
5263.0,381801.365764,343403.796648,128.00039316774365,981128.239283002,381800.0,343000.0,131.136,1.967,9.920057365915248e-09
5264.0,383037.416594,343817.46892,137.89401699454754,981128.6664377936,382800.0,344000.0,129.833,1.962,9.94666390831059e-09
5265.0,380058.186648,340373.199546,131.45975928973348,981123.8833304306,379900.0,340300.0,131.394,1.98,1.3133349479868804e-08
5266.0,383426.31886,340932.010117,130.73131894429025,981124.566697716,383800.0,341000.0,130.834,1.964,9.912667735639339e-09
5267.0,382162.785749,337850.009862,134.6853063751613,981119.8358796804,382100.0,337900.0,135.012,1.977,1.3128423937587193e-08
5268.0,385626.90513,335903.627294,148.0,981117.140412246,385800.0,336000.0,147.096,1.966,9.8681509711979e-09
5269.0,382448.199035,335228.627318,139.0,981116.2264383456,382500.0,335100.0,141.558,1.98,1.307987470759599e-08
5270.0,385513.640057,334077.734148,149.6052852981738,981114.1269132826,385800.0,334000.0,150.584,1.97,9.838716069621208e-09
5271.0,383075.264256,339102.798447,133.0,981121.5675421044,382800.0,339000.0,134.01,1.972,9.874544166622127e-09
5272.0,360293.467313,341588.922948,139.0,981151.7852881034,360300.0,341500.0,139.127,2.048,1.2775455894719524e-08
5273.0,358719.419844,346401.908805,131.99192038325404,981156.2337538908,358700.0,346300.0,131.207,2.039,1.2839710187090561e-08
5301.0,386598.020559,347641.626427,150.00017449611914,981133.816162378,386700.0,347700.0,148.758,1.941,1.3409700659842047e-08
5303.0,386021.167753,348994.190689,143.03878476315913,981135.3045984944,385800.0,349000.0,138.833,1.941,1.006642265860387e-08
5304.0,385893.664096,344300.927409,134.38404695790086,981129.5825660452,385800.0,344000.0,127.86,1.951,9.99321937922777e-09
5351.0,386794.44027500006,330827.618216,146.73255307855106,981109.0628574188,386800.0,331000.0,152.584,1.971,9.808377935062794e-09
5357.0,386386.376839,335402.346037,149.0204876333053,981116.2566069184,386300.0,335500.0,148.407,1.965,1.3160804645614701e-08
5366.0,387001.610933,336503.248387,148.54192178598532,981118.1769440592,387050.0,336500.0,144.595,1.961,9.894870645136235e-09
5367.0,384084.093404,336271.054797,141.53945564937203,981117.300911453,383800.0,336000.0,141.493,1.974,9.845679286132805e-09
5369.0,383407.599314,338285.834811,140.75121813925216,981120.4100878234,383300.0,338250.0,135.228,1.972,9.868047638507817e-09
